Label,Fidelity,Actions,Verbose Sequence
GHZ,0.9999999999997922,"[10.0, 5.0, 6.0, 0.0, 0.0, 0.0, 0.0, 0.0, 0.0, 0.0]","2-3, 1-0, 1-2"
GHZ + noise,1.0000045350718878,"[10.0, 5.0, 6.0, 0.0, 0.0, 0.0, 0.0, 0.0, 0.0, 0.0]","2-3, 1-0, 1-2"
W,0.9999999999998958,"[13.0, 9.0, 10.0, 5.0, 9.0, 9.0, 13.0, 0.0, 0.0, 0.0]","3-2, 2-1, 2-3, 1-0, 2-1, 2-1, 3-2"
W + noise,0.9999856876407434,"[13.0, 9.0, 9.0, 5.0, 9.0, 13.0, 0.0, 0.0, 0.0, 0.0]","3-2, 2-1, 2-1, 1-0, 2-1, 3-2"
