Label,Fidelity,Actions,Verbose Sequence
GHZ,0.4999999999999999,"[10.0, 5.0, 9.0, 0.0, 0.0, 0.0, 0.0, 0.0, 0.0, 0.0]","2-3, 1-0, 2-1"
GHZ + noise,1.0000287163826425,"[10.0, 5.0, 9.0, 0.0, 0.0, 0.0, 0.0, 0.0, 0.0, 0.0]","2-3, 1-0, 2-1"
W,0.9999999999992766,"[10.0, 6.0, 5.0, 10.0, 6.0, 0.0, 0.0, 0.0, 0.0, 0.0]","2-3, 1-2, 1-0, 2-3, 1-2"
W + noise,0.8535759261061862,"[10.0, 6.0, 5.0, 10.0, 0.0, 0.0, 0.0, 0.0, 0.0, 0.0]","2-3, 1-2, 1-0, 2-3"
