Label,Fidelity,Actions,Verbose Sequence
GHZ,0.999999999994495,"[6.0, 11.0, 12.0, 10.0, 7.0, 10.0, 10.0, 7.0, 0.0, 0.0]","1-2, 3-0, 3-1, 2-3, 1-3, 2-3, 2-3, 1-3"
GHZ + noise,0.999969753560216,"[6.0, 11.0, 12.0, 0.0, 0.0, 0.0, 0.0, 0.0, 0.0, 0.0]","1-2, 3-0, 3-1"
W,0.9999999999959841,"[7.0, 2.0, 10.0, 12.0, 6.0, 3.0, 0.0, 0.0, 0.0, 0.0]","1-3, 0-1, 2-3, 3-1, 1-2, 0-2"
W + noise,0.9999853755531708,"[7.0, 2.0, 10.0, 12.0, 6.0, 3.0, 0.0, 0.0, 0.0, 0.0]","1-3, 0-1, 2-3, 3-1, 1-2, 0-2"
