Label,Fidelity,Actions,Verbose Sequence
GHZ,0.4999999999999999,"[6.0, 11.0, 12.0, 0.0, 0.0, 0.0, 0.0, 0.0, 0.0, 0.0]","1-2, 3-0, 3-1"
GHZ + noise,1.0000218418924047,"[6.0, 11.0, 12.0, 0.0, 0.0, 0.0, 0.0, 0.0, 0.0, 0.0]","1-2, 3-0, 3-1"
W,0.9999999999986203,"[7.0, 2.0, 10.0, 12.0, 3.0, 6.0, 0.0, 0.0, 0.0, 0.0]","1-3, 0-1, 2-3, 3-1, 0-2, 1-2"
W + noise,0.9329980111524903,"[7.0, 10.0, 10.0, 12.0, 3.0, 0.0, 0.0, 0.0, 0.0, 0.0]","1-3, 2-3, 2-3, 3-1, 0-2"
